<?xml version='1.0' encoding='UTF-8' ?>
<timeLogEntries>
  <time id="31" path="/TI2_Angelica_Corrales/PSP0/Test" start="@1635780953775" delta="28" comment="Test controladora" flag="A" />
  <time id="32" path="/TI2_Angelica_Corrales/PSP0/Design" start="@1635782848987" delta="89" comment="Diseño pruebas unitarias clase controladora" flag="A" />
  <time id="33" path="/TI2_Angelica_Corrales/PSP0/Test" start="@1635795564082" delta="109" comment="Test controladora" flag="A" />
  <time id="34" path="/TI2_Angelica_Corrales/PSP0/Test" start="@1635804762378" delta="67" comment="Prueba de la interfaz" flag="A" />
  <time id="35" path="/TI2_Angelica_Corrales/PSP0/Test" start="@1635815412143" delta="148" comment="Prueba de la interfaz" flag="A" />
  <time id="36" path="/TI2_Angelica_Corrales/PSP0/Design" start="@1635829349756" delta="84" comment="Diagrama UML" flag="A" />
  <time id="37" path="/TI2_Angelica_Corrales/PSP0/Test" start="@1635835062427" delta="42" comment="Prueba de controladora" flag="A" />
  <time id="38" path="/TI2_Angelica_Corrales/PSP0/Postmortem" start="@1635838300713" delta="6" flag="A" />
</timeLogEntries>
