<?xml version='1.0' encoding='UTF-8' ?>
<timeLogEntries>
  <time id="1" path="/TI1_Angelica_Corrales/PSP0/Planning" start="@1631371257000" delta="177" interrupt="19" comment="Se avanzó en el planteamiento del método de la ingeniería, se revisaron las fases 1 y 2 (identificación del problema y recopilación de la información necesaria)" />
  <time id="2" path="/TI1_Angelica_Corrales/PSP0/Planning" start="@1631383285000" />
  <time id="3" path="/TI1_Angelica_Corrales/PSP0/Planning" start="@1631715212731" delta="114" comment="Lluvia de ideas" />
  <time id="4" path="/TI1_Angelica_Corrales/PSP0/Planning" start="@1631886334258" delta="130" comment="Transición de las ideas a los diseños preliminares" />
  <time id="5" path="/TI2_Angelica_Corrales/PSP0/Planning" start="@1634261148352" delta="97" comment="Avance fase 1 método ingeniería" />
  <time id="6" path="/TI2_Angelica_Corrales/PSP0/Planning" start="@1634339560476" delta="98" comment="Terminación fase 1. Req func. Resolución de dudas con profesor" />
  <time id="7" path="/TI2_Angelica_Corrales/PSP0/Planning" start="@1634352257381" delta="61" comment="Fase 2. Recopilación de información necesaria" />
  <time id="8" path="/TI2_Angelica_Corrales/PSP0/Planning" start="@1634413062761" delta="125" comment="Fase  3, 4 y 5 elaboradas" />
  <time id="9" path="/TI2_Angelica_Corrales/PSP0/Design" start="@1634420633411" delta="25" comment="Elaboración de mockups preliminares" />
  <time id="10" path="/TI2_Angelica_Corrales/PSP0/Design" start="@1634435385953" delta="57" comment="Elaboración TAD ABB" />
  <time id="12" path="/TI2_Angelica_Corrales/PSP0/Planning" start="@1634945178094" delta="86" comment="Complemento definiciones, alternativas de solución, evaluación de ellas, e inicio TAD AVL." />
  <time id="13" path="/TI2_Angelica_Corrales/PSP0/Design" start="@1634999836739" delta="174" comment="Elaboración TAD AVL. Implementación de fxml de pantalla para buscar jugadores." />
  <time id="14" path="/TI2_Angelica_Corrales/PSP0/Code" start="@1635020173406" delta="104" comment="Metodos en GUI implementados " />
  <time id="15" path="/TI2_Angelica_Corrales/PSP0/Planning" start="@1635026472104" delta="73" comment="Investigación sobre árbol rojinegro" />
  <time id="16" path="/TI2_Angelica_Corrales/PSP0/Code" start="@1635030857147" delta="47" comment="Arbol rojinegro agregado" />
  <time id="18" path="/TI2_Angelica_Corrales/PSP0/Code" start="@1635039949792" delta="105" comment="Metodos modificados en árbol rojinegro" />
  <time id="19" path="/TI2_Angelica_Corrales/PSP0/Code" start="@1635085884350" delta="143" comment="Métodos modificados árbol rojinegro" />
  <time id="20" path="/TI2_Angelica_Corrales/PSP0/Design" start="@1635094961216" delta="53" comment="Diseño pruebas unitarias redblacktree" />
  <time id="21" path="/TI2_Angelica_Corrales/PSP0/Design" start="@1635349021690" delta="110" comment="Diseño de pruebas unitarias redblacktree" />
  <time id="22" path="/TI2_Angelica_Corrales/PSP0/Test" start="@1635389435839" delta="256" comment="Test arbol rojinegro: escenarios e insertar" />
  <time id="23" path="/TI2_Angelica_Corrales/PSP0/Test" start="@1635439382615" delta="90" comment="Test arbol rojinegro completado" />
  <time id="24" path="/TI2_Angelica_Corrales/PSP0/Code" start="@1635609393118" delta="77" comment="Métodos para serialización  implementados" />
  <time id="25" path="/TI2_Angelica_Corrales/PSP0/Code" start="@1635615276075" delta="24" comment="Métodos para importar modificados" />
  <time id="26" path="/TI2_Angelica_Corrales/PSP0/Code" start="@1635623439670" delta="234" comment="Métodos de AVL modificados, importar modificado" />
  <time id="27" path="/TI2_Angelica_Corrales/PSP0/Code" start="@1635645138658" delta="171" comment="Métodos de AVL modificados" />
  <time id="28" path="/TI2_Angelica_Corrales/PSP0/Code" start="@1635694314499" delta="123" comment="Métodos de árboles y controladora modificados" />
  <time id="29" path="/TI2_Angelica_Corrales/PSP0/Code" start="@1635705476845" delta="82" comment="Métodos de árboles y controladora modificados" />
  <time id="30" path="/TI2_Angelica_Corrales/PSP0/Code" start="@1635715222493" delta="131" comment="Métodos de árboles y controladora modificados" />
</timeLogEntries>
